{
  "best_time": 0.0013687610626220703,
  "total_optimization_time": 32.95758605003357,
  "total_evaluations": 170,
  "enabled_flags": [
    "-faggressive-loop-optimizations",
    "-falign-functions",
    "-falign-jumps",
    "-fcaller-saves",
    "-fcompare-elim",
    "-fcse-follow-jumps",
    "-fcx-limited-range",
    "-fdce",
    "-fdelete-null-pointer-checks",
    "-fdevirtualize",
    "-fdse",
    "-fearly-inlining",
    "-fexceptions",
    "-ffast-math",
    "-ffloat-store",
    "-fipa-cp",
    "-fipa-icf",
    "-fipa-modref",
    "-fipa-sra",
    "-flive-range-shrinkage",
    "-fmove-loop-invariants",
    "-foptimize-sibling-calls",
    "-fpeel-loops",
    "-free",
    "-frename-registers",
    "-frounding-math",
    "-fsched-spec",
    "-fshrink-wrap",
    "-fsplit-paths",
    "-ftree-ccp",
    "-ftree-ch",
    "-ftree-dce",
    "-ftree-dse",
    "-ftree-fre",
    "-ftree-loop-vectorize",
    "-ftree-pre",
    "-ftree-reassoc",
    "-funswitch-loops",
    "-fweb"
  ],
  "flag_importance": {
    "-ffloat-store": 0.03268100794929598,
    "-flive-range-shrinkage": 0.02833867639196209,
    "-fschedule-insns": 0.02796511489394201,
    "-fshort-enums": 0.027599067670293263,
    "-ftree-dce": 0.025445263603490642,
    "-ftree-pre": 0.019197327951374212,
    "-fcombine-stack-adjustments": 0.018615436656435124,
    "-funroll-all-loops": 0.018575958008380977,
    "-fshrink-wrap": 0.017203960287462818,
    "-falign-labels": 0.017143226097956214,
    "-ftree-vrp": 0.016884139267148487,
    "-fcaller-saves": 0.016476692552571528,
    "-ftrapv": 0.01645755749972209,
    "-fconserve-stack": 0.015944759337565853,
    "-fdelete-null-pointer-checks": 0.015414413006478247,
    "-fearly-inlining": 0.015385548710958598,
    "-fipa-cp-clone": 0.015248789461240189,
    "-ftree-ch": 0.014224254623169046,
    "-ftree-dominator-opts": 0.01409153772631855,
    "-ftree-loop-vectorize": 0.014045824391086347
  }
}