{
  "best_time": 0.0014476776123046875,
  "total_optimization_time": 29.602941513061523,
  "total_evaluations": 170,
  "enabled_flags": [
    "-fdse",
    "-fipa-icf",
    "-fjump-tables",
    "-frename-registers",
    "-fsection-anchors",
    "-fsplit-wide-types",
    "-ftree-loop-vectorize",
    "-funswitch-loops"
  ],
  "flag_importance": {
    "-ftree-copy-prop": 0.04236842673531979,
    "-fdelete-null-pointer-checks": 0.04058612646126072,
    "-frename-registers": 0.028176048915254638,
    "-fdevirtualize": 0.027435311153519534,
    "-fjump-tables": 0.02663624932709692,
    "-fipa-icf": 0.02489132933222138,
    "-fsection-anchors": 0.024118928785947527,
    "-fdce": 0.02161401814562401,
    "-fsplit-paths": 0.019755563727935136,
    "-fcommon": 0.01936826298893028,
    "-fassociative-math": 0.01893328332745904,
    "-ftree-slp-vectorize": 0.018244278303166838,
    "-fipa-sra": 0.018232958441143893,
    "-fdse": 0.017801853231896186,
    "-ftree-loop-vectorize": 0.01739239575453089,
    "-fcaller-saves": 0.017296659297868285,
    "-ftree-dominator-opts": 0.017073341314608043,
    "-funwind-tables": 0.01677459780445052,
    "-funswitch-loops": 0.014873135600190357,
    "-fsplit-wide-types": 0.014744673945649225
  }
}