{
  "best_time": 0.0015075206756591797,
  "total_optimization_time": 28.900896549224854,
  "total_evaluations": 170,
  "enabled_flags": [
    "-fearly-inlining",
    "-fipa-modref",
    "-free",
    "-fsection-anchors",
    "-ftree-fre"
  ],
  "flag_importance": {
    "-fmove-loop-invariants": 0.030040337211723667,
    "-fcprop-registers": 0.029322885497884307,
    "-fipa-modref": 0.028980188611857423,
    "-ftree-reassoc": 0.02797686624948214,
    "-fearly-inlining": 0.026962370472435927,
    "-ffinite-math-only": 0.025612074418313296,
    "-ftree-vrp": 0.025597777420195797,
    "-fsplit-wide-types": 0.023607227062649512,
    "-ftree-dominator-opts": 0.02174140675186437,
    "-ftree-fre": 0.021500749438116157,
    "-fdse": 0.021473606747933225,
    "-fsection-anchors": 0.020058230454232696,
    "-fshort-enums": 0.01771889333396025,
    "-fcrossjumping": 0.017441922388170297,
    "-fauto-inc-dec": 0.017158481452158543,
    "-faggressive-loop-optimizations": 0.016838149264658007,
    "-free": 0.016555716168228315,
    "-frename-registers": 0.01636443000225762,
    "-ftree-bit-ccp": 0.016019796729058025,
    "-fsched-interblock": 0.015547437917558336
  }
}